Machine_ID,Temperature,Vibration,Power_Consumption,Operating_Hours,Maintenance_Days,Failure
M007,76.7,5.12,4.28,2552,90,1
M004,58.6,2.66,3.56,1367,22,0
M008,59.2,4.23,3.62,310,111,1
M005,70.0,2.1,3.98,4527,107,1
M007,62.0,2.61,3.68,3855,55,1
M010,81.0,1.94,4.59,3993,67,0
M003,61.7,0.5,3.18,1955,99,0
M007,63.0,2.95,3.66,1777,60,0
M008,72.2,3.17,3.17,1496,58,0
M005,64.1,4.39,2.88,3974,12,0
M004,55.7,4.03,3.36,2420,88,0
M008,57.0,4.05,3.62,1172,69,0
M008,73.4,1.73,4.41,1230,84,0
M003,54.4,3.6,4.21,2793,103,0
M006,82.0,5.06,4.51,4192,39,1
M005,61.1,3.49,3.78,4813,13,0
M002,74.2,5.38,3.91,1113,41,0
M008,61.7,5.62,3.01,2381,57,0
M006,58.8,2.65,3.42,3397,53,0
M002,70.5,2.09,4.21,1662,109,1
M005,78.5,2.01,4.28,2578,12,0
M001,65.5,1.03,3.19,3654,13,0
M010,67.3,2.33,3.9,3753,120,0
M006,76.1,4.57,4.09,1507,74,1
M009,76.4,0.5,4.03,1389,97,0
M001,67.6,1.65,3.68,887,57,0
M010,63.6,2.83,3.82,4861,40,0
M003,68.8,1.86,3.96,1407,118,0
M007,66.1,2.31,3.43,2094,80,0
M004,71.1,2.33,3.94,2011,45,0
M009,56.1,2.67,3.34,3383,35,0
M003,70.8,2.05,3.25,3997,3,0
M005,60.8,1.95,3.32,1844,120,1
M003,77.1,4.21,3.38,4168,5,0
M007,61.3,4.36,3.88,2916,90,0
M005,61.4,1.21,3.66,390,11,0
M009,72.5,0.5,3.69,1535,71,0
M007,68.1,4.38,4.2,3306,117,1
M002,90.8,1.4,4.29,578,56,0
M004,51.7,3.28,2.79,4682,10,0
M009,69.1,0.96,3.57,4029,106,0
M002,79.3,4.69,4.55,815,116,1
M010,62.2,6.31,3.32,2530,34,1
M009,58.9,3.24,3.57,1954,67,0
M010,59.3,2.88,3.74,663,72,0
M005,51.9,2.58,3.5,1166,31,0
M002,81.5,4.02,4.89,4467,75,1
M004,64.7,3.74,3.21,3358,109,1
M007,63.5,4.3,3.21,3824,71,1
M008,46.8,2.18,2.76,889,109,0
M003,53.7,3.44,3.24,2822,66,0
M001,82.7,2.29,4.45,2412,70,0
M004,71.0,1.62,3.41,582,41,0
M002,79.7,2.95,4.38,2456,63,0
M008,78.4,1.8,3.97,4010,32,0
M004,58.0,4.53,3.06,3703,20,0
M002,92.3,1.88,3.69,1612,57,0
M006,87.5,3.47,3.65,1783,98,1
M006,62.4,2.22,3.33,571,50,0
M010,45.0,3.36,3.07,810,80,0
M004,64.4,2.32,4.08,315,25,0
M006,70.4,1.37,4.04,646,12,0
M002,62.3,3.63,3.26,1591,71,0
M010,65.8,2.69,3.79,3524,39,0
M002,59.7,3.37,4.07,1540,17,0
M010,77.2,2.44,4.59,4710,45,0
M004,68.6,1.27,3.6,3139,11,0
M008,77.5,4.41,4.27,3899,70,1
M007,80.2,3.96,4.49,1273,23,0
M009,46.3,2.26,2.63,3769,91,0
M008,60.3,3.09,3.33,3350,110,1
M005,61.8,4.35,4.32,1805,70,0
M002,93.7,2.41,4.24,4857,38,0
M005,69.5,2.61,2.71,2494,2,0
M008,76.1,3.32,3.86,3862,86,1
M010,49.2,2.4,3.62,4682,84,0
M009,69.4,4.11,3.74,4997,89,1
M009,77.8,2.78,4.2,1183,79,1
M001,76.6,1.98,4.24,551,113,0
M009,74.2,3.79,3.73,1924,93,1
M007,68.1,1.52,3.52,2151,72,0
M009,68.6,5.62,3.77,1479,37,0
M008,51.1,5.06,3.34,2107,49,0
M001,59.0,3.67,3.49,1224,52,0
M008,70.3,3.56,3.79,745,33,0
M008,60.8,3.5,3.26,4374,22,0
M003,74.9,2.36,4.14,2581,114,1
M001,72.7,3.39,4.03,1088,111,0
M008,81.7,1.8,3.57,1305,5,0
M003,77.6,3.65,3.8,2749,103,1
M003,70.3,4.13,3.79,2190,18,0
M001,75.5,2.51,3.7,4198,38,0
M005,78.1,2.23,4.18,3975,118,1
M010,62.9,1.42,3.55,3012,117,0
M007,64.7,4.9,3.68,1120,37,0
M010,67.0,2.33,3.53,4845,94,1
M009,63.2,2.74,2.88,2261,115,0
M007,78.2,3.39,3.24,4687,95,1
M009,61.7,3.37,3.75,3839,64,1
M008,80.5,3.97,4.11,3365,10,0
M002,64.3,2.51,3.76,4635,79,0
M001,72.7,1.52,3.86,2844,42,0
M007,69.7,1.29,3.82,1245,48,0
M007,58.2,2.25,3.79,3756,44,0
M008,67.8,1.76,3.85,2881,82,1
M005,71.3,2.61,4.15,3399,87,1
M003,67.4,4.7,3.75,1138,97,1
M008,54.6,2.51,3.26,641,16,0
M006,85.0,2.51,4.19,2750,54,0
M003,68.9,2.98,3.43,4425,102,0
M001,60.1,2.47,3.37,796,35,0
M003,84.2,2.91,4.17,1705,98,1
M005,74.2,3.7,3.91,1061,28,0
M003,56.0,4.15,3.36,2840,2,0
M001,57.6,4.3,2.95,3931,94,1
M005,65.8,5.67,3.87,1751,13,1
M010,71.0,3.74,4.07,3436,41,0
M007,74.2,5.9,4.43,1936,80,1
M007,77.5,1.99,4.09,1649,59,0
M009,73.4,5.72,3.84,464,69,1
M010,81.5,2.51,3.68,2859,119,1
M010,69.3,2.63,4.25,2921,92,0
M003,60.4,2.84,3.6,1662,53,0
M007,68.0,2.72,3.77,4452,103,0
M001,67.3,3.11,3.59,1645,45,0
M004,45.0,2.25,3.01,2498,20,0
M004,62.4,4.08,3.8,3125,24,0
M005,71.1,2.28,3.42,1832,61,1
M007,63.8,3.85,4.16,2574,91,0
M007,61.5,4.99,4.03,712,94,1
M004,77.1,2.54,3.8,415,58,0
M007,58.8,4.03,3.17,3531,109,1
M003,75.1,3.73,3.17,2372,27,0
M006,54.7,5.93,2.93,3353,26,0
M002,95.6,2.34,4.65,1906,7,0
M010,65.8,4.03,3.76,2306,42,0
M009,64.8,0.89,3.79,1767,47,0
M005,79.4,2.36,3.34,2408,53,0
M006,63.8,3.46,3.46,2531,59,0
M004,82.5,4.81,4.54,2353,38,1
M010,71.7,1.41,3.76,1328,69,0
M007,66.8,4.02,3.22,3710,87,1
M009,65.7,2.92,3.6,4523,92,0
M007,80.1,1.02,3.73,3853,98,0
M001,70.3,3.24,3.87,2565,53,0
M001,72.3,5.22,3.81,3121,15,1
M009,73.4,1.54,4.03,4767,96,1
M009,69.3,2.86,3.31,1279,26,0
M004,73.2,1.72,3.67,3711,48,0
M009,66.8,2.39,4.05,2941,95,1
M003,67.5,4.86,3.21,3220,19,0
M007,56.8,2.65,3.07,428,9,0
M006,71.0,4.82,3.84,370,64,0
M008,50.8,4.44,3.37,494,93,0
M009,70.8,2.53,3.6,4484,54,0
M005,65.2,2.35,3.53,625,51,0
M001,71.7,1.84,3.98,1118,39,0
M003,57.5,1.79,3.73,3453,4,0
M010,46.8,3.46,2.8,698,3,0
M008,64.5,2.97,3.74,3009,120,1
M006,57.5,2.19,3.97,1025,64,0
M008,50.2,0.99,3.21,3979,29,0
M009,75.7,3.14,3.51,2058,116,0
M004,84.0,2.39,3.71,2318,11,0
M001,60.0,2.75,3.44,345,97,0
M001,67.2,3.4,4.04,4765,102,1
M010,64.9,0.5,3.61,3777,58,0
M004,61.4,1.01,3.6,392,75,0
M007,74.6,5.99,3.52,4088,27,1
M002,78.1,2.34,4.3,251,97,1
M003,59.3,0.5,3.08,2610,21,0
M001,68.4,1.12,3.53,2020,39,0
M005,80.8,6.23,4.24,3164,95,1
M001,74.9,2.09,3.16,2721,102,1
M008,76.4,4.51,3.97,2069,46,0
M001,81.7,3.16,3.68,2768,66,0
M001,81.5,2.37,4.04,2067,91,0
M002,78.3,4.01,3.83,2938,36,1
M002,69.4,0.5,4.47,3469,75,0
M006,64.2,1.13,3.47,3399,111,0
M007,69.0,2.36,4.37,2779,82,0
M005,62.7,1.25,3.77,4205,65,0
M001,48.5,2.24,2.93,440,63,0
M001,65.2,4.11,3.75,3640,99,1
M003,71.6,3.17,3.68,4831,35,0
M002,62.1,4.73,3.64,1607,31,0
M005,66.1,3.25,3.4,3702,28,0
M010,66.5,4.29,4.25,4238,103,1
M006,81.6,2.92,4.36,282,1,0
M007,64.4,2.23,3.62,3968,25,0
M004,81.6,4.92,4.65,1150,43,1
M007,45.0,2.08,3.15,810,102,0
M008,81.5,3.45,4.42,4869,84,0
M001,81.0,4.0,4.04,3805,67,1
M006,77.0,4.09,4.06,4754,63,1
M008,47.9,1.48,3.17,3483,51,0
M005,78.2,4.37,3.99,2373,2,0
M004,67.5,1.73,3.75,3684,82,0
M002,45.0,4.05,2.89,1722,108,0
M006,81.0,3.7,3.88,2801,64,0
M006,82.4,4.06,3.98,2857,74,1
M001,49.0,1.43,3.31,2359,69,0
M009,69.8,3.76,3.73,2649,9,0
M006,81.9,4.41,4.46,4030,2,1
M003,80.3,3.25,4.3,321,34,1
M004,76.4,1.94,3.84,4568,60,0
M004,45.0,4.2,3.61,1517,102,0
M003,75.3,3.15,4.54,4693,61,0
M010,65.8,0.82,2.93,2718,31,0
M003,78.0,1.83,4.28,1430,10,0
M003,70.6,2.32,3.52,1333,114,1
M004,67.8,4.96,3.98,1501,76,1
M007,74.4,4.73,4.29,4234,36,1
M004,66.3,4.73,3.35,2110,118,1
M009,67.8,3.3,3.05,1705,85,1
M001,62.4,4.19,3.85,3385,49,1
M008,51.9,1.52,3.34,2116,111,0
M007,73.7,3.01,3.26,3748,70,1
M002,59.9,3.59,4.38,2957,112,1
M008,66.0,1.6,3.87,2156,49,0
M001,70.9,3.27,4.01,378,3,0
M009,47.1,5.19,3.66,1096,74,0
M009,49.4,3.73,3.03,1751,5,0
M002,65.0,4.19,3.67,691,110,1
M007,72.5,0.5,3.35,260,90,0
M010,75.4,5.03,3.67,1277,61,0
M003,52.1,2.76,3.44,3095,85,0
M007,74.4,2.0,3.28,4360,109,0
M010,65.5,2.77,3.41,3883,90,0
M009,59.2,1.07,3.16,785,102,0
M004,61.5,4.36,3.59,4160,108,1
M001,76.0,2.56,4.1,3970,26,0
M002,70.7,2.04,4.03,734,72,0
M001,68.5,2.78,4.06,3662,5,0
M005,70.4,4.45,4.24,4211,15,0
M005,77.3,3.17,4.15,3598,16,0
M007,67.0,1.17,4.34,2355,1,0
M009,68.5,3.6,3.75,1204,16,1
M009,79.4,1.79,3.92,2699,37,0
M003,64.7,0.5,3.83,526,3,0
M003,74.2,4.94,3.78,4903,52,1
M003,63.0,3.59,4.22,2906,47,0
M004,63.8,2.9,3.99,201,95,0
M008,67.0,2.55,3.94,1233,13,0
M006,73.2,4.82,3.88,2681,120,1
M008,79.9,7.01,3.85,324,80,1
M001,69.0,3.58,3.97,1304,55,0
M008,53.0,1.66,2.93,2899,107,0
M004,74.3,2.8,4.39,2061,21,0
M001,92.5,3.56,4.25,3120,66,1
M008,69.1,0.5,3.83,328,54,0
M004,50.9,3.43,2.95,637,27,0
M006,69.7,3.57,4.0,2748,38,0
M008,68.0,4.72,3.54,3329,90,1
M004,67.1,4.59,3.9,1421,58,1
M003,77.5,3.14,4.2,1101,62,0
M009,81.8,4.97,3.82,3368,102,1
M003,74.8,5.65,3.48,4686,46,1
M009,66.7,3.04,4.2,4118,89,0
M002,79.3,3.54,3.92,1267,11,0
M002,53.1,0.7,3.41,226,72,0
M002,60.8,1.11,3.69,747,8,0
M006,62.0,1.91,3.11,2868,97,0
M003,67.7,2.42,3.85,766,117,0
M009,73.1,1.58,3.86,903,71,0
M004,66.0,2.95,3.42,4480,64,0
M001,58.9,2.46,3.07,3340,102,0
M004,77.7,4.39,4.15,1790,21,1
M001,65.6,2.38,4.03,4894,72,0
M005,69.0,0.5,3.79,1005,115,0
M004,73.5,3.16,3.34,3991,118,1
M008,68.4,2.98,3.34,1557,63,0
M008,68.4,1.88,3.56,3425,85,0
M007,78.3,3.12,4.51,3818,64,1
M003,69.5,1.6,3.65,2326,120,1
M001,76.6,3.43,3.75,2660,20,0
M001,73.4,6.42,3.25,745,8,1
M003,88.2,0.65,3.98,2928,58,0
M006,72.1,2.33,3.37,3934,46,0
M007,74.4,2.12,3.51,2762,31,0
M006,79.0,2.44,4.02,2279,114,0
M006,68.6,4.33,3.57,2841,93,1
M006,61.6,3.71,4.13,3314,112,1
M003,63.3,4.1,3.96,2126,9,0
M006,63.4,3.04,3.37,816,15,0
M008,58.5,1.28,3.14,3844,94,0
M002,71.2,1.55,4.26,1403,26,0
M005,61.7,3.97,4.12,1959,10,1
M001,69.9,3.22,2.98,2765,29,0
M001,66.4,4.64,3.69,3374,118,1
M005,67.6,3.38,3.6,3281,80,1
M003,73.6,1.46,4.07,2830,36,0
M004,62.6,2.32,4.24,3361,84,1
M003,74.4,3.73,3.69,4521,109,1
M001,83.7,3.92,3.37,869,118,1
M001,71.4,4.11,3.99,3368,37,0
M005,60.2,1.64,3.99,2321,86,0
M006,61.8,1.44,3.44,4278,71,0
M003,65.5,2.75,3.39,4351,23,0
M009,62.1,4.87,3.4,919,41,0
M005,58.1,2.1,3.75,2800,104,0
M008,69.5,3.59,3.58,3798,93,1
M001,65.8,3.59,3.76,4869,80,0
M005,69.9,3.99,3.76,866,102,1
M003,79.9,5.16,3.97,483,28,1
M001,65.6,5.03,3.89,4103,48,1
M004,56.1,2.23,3.23,3765,38,0
M005,64.0,0.5,3.45,2434,31,0
M007,75.7,2.12,4.17,4793,14,0
M001,74.8,3.1,3.52,1665,117,0
M003,73.2,2.53,3.52,329,97,0
M002,61.8,5.56,3.1,4934,73,1
M009,75.5,3.02,4.18,2260,91,0
M010,77.8,3.85,3.91,3872,88,1
M006,61.0,3.28,3.07,2694,77,1
M010,67.6,2.55,3.99,1192,90,0
M003,88.2,0.5,4.01,2321,29,0
M008,60.6,2.9,3.21,2784,51,0
M008,50.9,7.23,3.2,4396,49,1
M002,81.8,1.38,4.56,2423,43,1
M006,79.4,0.64,3.85,4722,92,0
M007,63.4,5.52,3.79,3388,92,1
M002,66.9,3.96,3.93,3437,72,1
M010,55.8,3.24,3.55,4336,87,0
M002,68.9,4.77,4.17,4724,93,1
M010,79.7,1.92,3.75,543,5,0
M001,62.6,2.86,3.2,4661,42,0
M008,76.8,4.24,3.55,4904,7,0
M001,72.6,5.74,3.76,2476,42,1
M009,73.8,1.48,3.51,3401,36,0
M006,63.2,4.66,3.63,1088,105,1
M007,64.5,3.5,3.64,2243,27,0
M010,49.5,3.21,3.59,1541,58,0
M007,62.3,2.99,3.66,3920,46,0
M010,79.6,1.2,3.84,3083,66,0
M003,58.7,4.25,3.61,4412,25,0
M002,60.2,1.98,3.14,2615,73,0
M009,74.4,1.6,3.85,1317,117,0
M008,72.0,4.15,3.91,4463,27,1
M010,74.9,4.03,3.92,3201,1,0
M007,56.4,3.1,3.56,1938,87,0
M009,93.6,4.4,4.11,1564,74,1
M004,55.8,4.85,3.8,2908,42,0
M004,69.5,4.7,4.38,4990,52,1
M001,66.4,2.31,3.1,1124,25,0
M008,56.1,4.32,2.98,351,54,0
M003,64.3,3.28,3.62,785,67,1
M007,68.2,5.24,3.62,1112,6,1
M002,61.5,2.84,4.2,2521,58,0
M002,77.4,2.54,4.01,695,70,0
M007,66.4,2.2,4.15,3995,53,0
M006,54.6,3.25,2.65,2348,66,0
M003,53.7,3.61,3.63,756,58,0
M009,74.1,3.63,3.6,1752,82,1
M010,53.1,3.45,3.07,2320,87,0
M006,71.2,3.87,3.69,3285,2,0
M010,72.4,2.71,3.31,3704,76,0
M010,58.0,1.87,3.6,356,22,0
M006,76.9,1.75,3.99,934,37,0
M001,50.8,4.27,3.36,4854,20,0
M004,71.0,3.61,4.09,3476,103,1
M010,67.6,0.59,4.22,354,24,0
M006,66.8,4.43,3.54,1196,112,1
M006,56.2,5.44,3.57,2494,84,1
M005,58.6,2.07,3.57,4826,65,0
M001,84.2,3.44,4.24,3105,65,1
M008,80.2,2.38,4.14,1377,81,1
M005,75.4,3.82,4.44,353,1,0
M005,77.4,1.48,3.77,4387,117,0
M007,76.5,2.91,3.38,1916,116,1
M004,64.8,4.28,3.38,3402,109,1
M006,68.5,4.61,3.98,3057,94,1
M004,53.3,3.55,3.34,986,105,0
M003,67.1,2.56,3.51,4568,111,0
M007,79.8,0.93,3.62,4472,3,0
M008,61.4,2.02,3.61,3967,46,0
M004,78.2,2.39,4.18,3078,55,0
M002,68.9,2.09,3.83,842,75,0
M010,54.1,3.08,3.26,4862,88,1
M003,56.9,2.56,3.47,865,86,0
M001,77.2,3.22,3.98,3626,64,1
M008,73.5,4.56,3.9,3983,108,1
M003,69.0,2.47,3.31,3901,45,0
M010,65.3,1.2,3.7,1269,26,0
M007,70.1,2.09,3.6,2549,77,0
M010,76.8,3.76,4.28,4703,65,1
M005,82.8,3.88,4.12,1412,24,0
M010,83.2,3.53,4.37,1352,74,1
M005,71.7,4.69,3.69,2711,35,0
M007,66.3,2.76,3.56,343,24,0
M009,69.5,5.67,4.26,2689,28,1
M005,73.2,4.06,3.98,3428,100,1
M001,73.2,0.5,3.58,4782,80,0
M010,81.1,5.34,4.34,3405,104,1
M010,89.2,2.0,4.04,4443,16,0
M001,65.9,1.66,3.73,3342,59,0
M002,89.6,3.68,4.88,3504,81,1
M006,79.7,0.74,3.49,1557,115,0
M009,67.0,2.1,3.61,2913,54,0
M008,83.0,5.02,4.22,4385,79,1
M005,84.9,3.72,4.39,1557,16,0
M001,63.4,4.06,3.15,4494,15,0
M007,85.3,2.15,3.59,4833,98,1
M005,78.8,1.0,4.35,3392,11,0
M006,91.7,3.92,4.04,500,65,1
M007,63.8,4.21,3.33,923,79,0
M003,64.5,4.15,4.16,3210,90,0
M010,47.7,3.27,3.22,267,115,0
M003,73.7,1.74,3.87,4036,68,0
M005,71.8,6.17,3.73,4193,43,1
M006,62.4,3.62,3.13,2706,69,0
M009,67.2,2.77,3.92,1737,99,0
M005,54.9,2.78,3.52,597,13,0
M001,80.0,3.19,4.06,4915,10,0
M004,63.1,4.39,3.54,3557,75,1
M005,98.9,3.25,4.37,1363,82,1
M010,66.2,4.12,3.97,755,98,0
M010,60.4,3.2,3.46,3861,103,1
M005,63.9,2.85,3.58,1951,41,0
M007,53.9,3.83,3.53,3141,106,1
M004,72.8,3.78,3.89,2857,50,0
M001,63.8,2.78,4.17,2995,87,1
M005,79.3,2.03,3.37,2529,71,0
M007,65.3,3.44,3.74,2159,59,0
M010,81.8,3.1,3.8,1801,39,0
M010,75.6,2.28,3.56,2993,3,0
M006,68.3,1.9,3.55,1680,76,0
M005,83.8,3.53,4.11,1302,7,0
M004,77.5,3.72,3.97,3476,49,1
M002,97.5,2.53,3.91,1499,26,0
M004,63.9,2.25,3.41,4079,33,0
M010,68.8,1.92,3.82,1735,101,0
M010,83.7,3.5,3.79,277,48,0
M003,52.6,1.95,2.92,3031,79,0
M010,81.2,5.91,3.24,3610,2,0
M001,72.4,2.47,3.58,2921,105,0
M008,59.1,0.5,3.08,3827,71,0
M005,54.4,2.96,3.02,1732,32,0
M004,61.3,2.91,3.44,437,4,0
M008,45.2,4.45,2.92,2196,20,0
M007,63.1,3.37,3.17,3627,114,1
M002,74.2,1.92,3.11,477,117,0
M001,63.2,2.63,3.69,3289,36,0
M004,81.9,3.43,4.31,723,32,0
M008,84.6,0.5,3.98,4475,28,0
M002,80.8,4.74,3.93,4418,77,1
M003,70.3,1.92,3.76,3322,1,0
M001,45.0,4.84,3.68,4775,60,0
M001,61.0,3.51,2.98,1997,56,0
M003,66.6,3.82,3.52,2331,35,0
M005,59.1,4.49,2.87,1015,112,1
M003,66.6,3.75,3.79,2894,30,0
M001,84.1,3.87,4.05,642,54,1
M001,51.5,2.79,3.36,3340,36,0
M008,86.1,3.48,4.21,342,55,1
M010,76.8,2.24,4.27,4487,89,0
M002,70.7,2.55,3.96,1610,80,0
M003,60.9,5.55,3.81,4673,58,1
M002,59.3,1.95,3.11,734,83,0
M003,51.7,3.2,3.71,1916,65,0
M007,85.2,3.15,3.88,3564,69,1
M001,83.4,2.6,3.85,1232,51,0
M010,53.9,3.67,3.44,3542,22,0
M008,62.5,3.77,3.67,1610,88,1
M010,72.3,1.8,3.43,4700,107,1
M010,65.0,3.13,3.56,1372,109,0
M010,48.8,1.59,3.74,1088,116,0
M002,61.4,4.03,3.02,3538,101,0
M003,87.5,3.23,4.71,4717,53,1
M009,62.1,3.11,3.47,1841,100,1
M007,66.4,3.86,2.84,671,36,0
M004,56.5,2.64,2.93,3140,68,0
M010,73.9,4.19,3.51,746,36,0
M005,69.2,1.77,3.51,4926,52,0
M002,60.6,4.84,3.48,3797,53,0
M008,55.0,2.28,2.43,3025,82,0
M004,82.0,0.79,4.12,3923,50,0
M009,51.9,2.57,2.93,563,80,0
M005,73.0,2.43,4.31,2366,41,0
M009,46.5,2.56,3.07,3509,18,0
M004,75.1,3.3,4.21,745,22,0
M010,77.7,4.43,4.33,3440,66,0
M005,78.9,2.75,4.35,4929,21,0
M009,66.4,2.1,3.46,2136,100,1
M008,83.8,1.54,3.89,1162,44,0
M003,91.1,2.39,4.2,3205,103,1
M001,64.8,0.55,3.84,4006,47,0
M003,63.5,2.06,3.41,1082,39,0
M004,69.5,4.62,3.7,4040,29,1
M002,63.2,1.93,3.68,1070,54,0
M001,61.8,3.82,3.23,4811,90,1
M007,62.6,1.41,3.23,3185,85,0
M008,85.2,5.3,4.07,1065,17,0
M007,75.7,5.39,3.88,4509,80,1
M005,63.2,3.77,3.73,3403,60,0
M001,45.0,5.59,3.36,3097,31,0
M007,52.6,3.46,2.93,2444,115,0
M007,73.0,4.0,3.54,218,73,0
M009,46.8,4.64,2.83,841,95,0
M003,70.9,3.23,4.27,3283,78,0
M009,57.3,0.98,3.39,529,49,0
M001,68.9,4.03,3.73,1065,101,1
M001,68.6,2.39,3.74,973,2,0
M004,69.2,2.48,3.48,4687,116,1
M009,64.1,3.39,4.15,4932,48,0
M006,63.7,3.74,3.74,2554,110,0
M003,60.8,3.2,3.53,3538,14,0
M001,72.8,3.83,3.43,3718,59,1
M004,76.1,2.08,3.5,3142,97,1
M009,55.8,2.94,3.29,2767,99,0
M003,67.5,4.1,3.44,1874,58,0
M009,70.0,5.3,3.38,2883,103,1
M007,69.8,5.76,3.62,3580,58,1
M004,69.7,3.56,3.67,939,111,1
M003,64.0,4.09,3.65,1745,51,0
M010,70.8,5.58,3.59,4764,84,1
M005,74.2,2.13,3.5,2459,2,0
M005,69.4,3.82,3.39,1335,115,0
M003,73.1,4.0,4.25,1073,41,0
M009,77.9,4.88,3.51,4755,83,1
M004,49.5,1.52,3.36,2500,101,0
M005,77.4,1.78,4.12,951,82,0
M004,71.4,3.03,3.74,1053,16,0
M005,56.9,3.49,4.04,3932,4,0
M007,76.0,4.46,4.08,2483,12,0
M009,64.0,3.67,4.25,1529,29,0
M007,65.4,2.8,3.41,677,7,0
M005,62.9,3.54,3.35,2926,14,0
M010,71.0,3.39,3.96,3291,119,1
M010,60.1,5.27,3.41,4430,12,0
M007,77.0,3.22,4.51,4705,99,1
M010,66.6,2.5,3.78,1469,5,0
M005,64.4,3.58,3.24,4381,81,0
M003,75.5,3.26,3.28,2803,106,0
M007,64.8,0.96,3.59,1669,32,0
M002,77.5,2.98,3.91,577,74,0
M009,77.8,2.87,4.05,1880,43,0
M010,54.7,2.29,3.79,441,81,1
M010,79.1,4.35,4.36,1119,69,1
M001,53.4,1.98,3.13,269,45,0
M006,79.7,3.59,3.54,4124,106,1
M007,88.3,2.81,3.78,2286,9,0
M008,76.7,3.14,3.66,2207,49,1
M010,46.4,3.54,3.03,1000,33,0
M009,78.6,1.3,4.07,2979,100,0
M002,90.5,3.25,3.98,955,100,1
M010,65.0,5.98,3.72,2195,18,0
M002,67.7,0.98,3.82,1521,9,0
M005,56.1,2.93,3.45,2530,62,0
M005,71.1,4.46,3.38,309,57,1
M006,80.7,3.39,4.18,1216,29,0
M003,75.0,3.89,4.6,4065,114,1
M008,99.4,0.5,4.57,224,78,1
M001,68.3,3.78,2.67,3038,25,0
M006,51.7,2.01,3.73,937,15,0
M004,69.7,3.4,3.5,379,6,0
M001,45.0,2.96,3.92,431,120,0
M007,62.7,5.96,3.61,2117,42,1
M009,84.2,3.71,3.52,542,29,0
M004,71.3,2.85,3.06,4772,79,0
M004,69.8,1.04,4.28,2823,93,0
M006,86.2,3.16,4.54,654,4,0
M003,65.3,4.07,4.41,4584,82,1
M006,80.6,2.9,4.02,4825,114,1
M007,69.3,2.34,3.71,2476,57,0
M010,71.8,2.26,3.66,795,49,0
M010,55.8,3.7,3.16,4074,44,0
M003,63.2,3.99,3.44,4730,103,1
M007,54.0,4.77,3.43,4697,80,0
M003,67.0,1.71,3.38,2869,75,0
M002,71.9,3.68,3.21,2335,14,1
M010,56.9,2.84,3.48,4164,3,0
M004,88.5,2.88,3.91,1765,115,1
M008,70.8,3.52,2.64,508,114,0
M009,68.6,3.53,3.91,542,62,0
M007,75.7,3.69,3.5,635,106,0
M001,59.7,1.63,3.72,376,64,0
M003,69.6,2.03,3.96,338,102,0
M009,60.8,4.93,3.62,393,45,0
M001,83.6,2.71,4.96,3457,106,1
M009,57.4,3.4,3.39,3435,82,0
M008,68.6,4.37,3.62,1142,58,0
M001,71.3,3.6,4.02,4820,20,0
M006,71.9,3.71,3.78,4079,58,0
M005,62.2,4.16,3.96,3313,112,0
M006,59.0,0.5,3.03,3162,89,0
M010,62.3,2.36,3.12,1153,57,0
M005,73.3,3.61,4.1,1502,102,1
M006,66.6,4.8,3.26,3581,77,0
M005,76.0,3.09,4.11,3080,68,1
M005,72.8,1.9,3.95,2387,119,1
M004,45.2,1.94,2.89,745,78,0
M003,70.5,4.15,3.89,2127,97,1
M003,90.5,2.72,3.83,4352,92,1
M004,81.3,2.99,3.68,204,52,0
M009,72.2,3.8,3.72,3681,37,0
M002,57.4,0.5,3.46,3453,8,0
M009,72.8,5.6,3.71,1562,44,1
M001,75.4,2.05,4.04,2020,98,0
M001,65.5,3.31,3.77,2863,108,1
M005,71.2,0.78,4.32,3138,5,0
M006,83.1,2.45,4.04,1473,118,1
M006,59.4,4.62,3.9,3526,69,0
M003,57.4,0.51,3.76,3859,31,0
M007,74.9,4.46,4.68,3145,45,1
M009,72.6,2.64,3.77,3218,9,0
M010,78.3,3.63,3.81,1331,106,1
M008,73.7,3.85,4.28,4963,32,1
M006,62.3,3.57,3.69,2836,33,0
M008,72.3,1.88,4.26,3229,67,0
M005,56.6,2.53,3.67,3219,30,0
M008,65.5,1.1,2.9,4577,114,0
M010,73.0,3.64,3.96,3359,76,1
M004,64.4,5.21,3.72,453,29,0
M010,92.7,0.63,4.36,528,3,0
M008,49.1,2.01,3.18,2791,90,0
M010,62.5,2.76,3.01,3030,57,0
M002,58.6,3.23,3.77,3244,30,0
M005,61.0,4.14,3.66,1620,9,0
M009,61.6,2.8,3.93,3601,26,0
M004,54.7,2.59,2.83,3092,2,0
M006,75.5,4.43,4.06,854,62,1
M001,62.5,3.86,3.48,959,3,0
M009,69.6,3.7,3.79,1998,46,0
M001,63.7,3.15,3.51,3171,68,0
M005,61.1,4.28,3.72,4711,25,0
M004,84.7,2.15,4.06,3626,51,1
M003,77.2,1.97,3.56,454,13,0
M006,49.3,3.97,3.26,4023,103,1
M002,48.3,0.89,3.13,2076,44,0
M003,78.4,3.12,3.93,2957,35,0
M005,62.8,2.59,2.45,2824,55,0
M009,51.5,1.17,3.53,4321,87,0
M002,78.5,1.79,3.85,3204,9,0
M010,69.7,2.86,3.27,4716,2,0
M008,70.5,4.34,4.09,3934,61,0
M002,76.1,2.15,4.13,1444,118,0
M005,54.9,4.58,3.26,1208,41,0
M007,51.7,3.08,2.89,4514,44,0
M008,83.8,4.7,4.16,1710,64,1
M001,53.6,2.21,3.38,2159,31,0
M006,55.8,2.94,3.72,2708,108,1
M001,57.8,3.48,3.29,4958,47,0
M002,88.8,2.77,4.64,2882,2,0
M001,72.9,4.24,3.63,1189,96,1
M005,77.7,0.5,3.47,4484,82,0
M010,70.0,6.15,3.35,454,77,1
M009,62.0,4.12,3.53,4363,110,1
M006,74.3,2.77,3.83,4911,69,1
M001,52.4,2.28,3.42,4652,58,0
M001,57.0,1.87,3.39,455,106,0
M002,75.3,3.84,4.22,1207,44,0
M009,54.4,4.29,3.27,1955,74,0
M003,66.1,2.79,2.95,2771,56,0
M001,66.6,4.44,3.62,4108,43,0
M005,62.7,1.82,2.87,3197,89,0
M007,48.5,1.59,3.31,3003,34,0
M006,61.7,5.36,3.91,3965,101,1
M001,59.8,3.77,3.15,4579,30,0
M005,69.6,4.82,4.24,3583,71,1
M005,69.1,1.89,4.02,298,70,0
M006,71.8,1.8,4.22,396,118,0
M003,61.2,2.53,3.6,2729,55,0
M005,73.2,1.93,3.48,1077,67,0
M007,52.4,3.92,3.58,2068,13,0
M005,49.8,2.02,3.03,2865,3,0
M005,45.0,1.48,3.17,1588,26,0
M005,63.0,3.18,3.52,2615,57,0
M010,60.5,1.32,3.91,769,24,0
M010,75.9,0.66,4.15,2837,53,0
M003,61.5,3.17,3.51,1265,70,0
M001,70.7,0.73,3.08,621,43,0
M005,76.1,4.01,3.68,3083,60,0
M009,61.1,1.19,3.77,1404,58,0
M001,71.0,0.5,3.87,744,49,0
M003,78.0,2.62,3.42,4366,42,0
M004,55.6,3.19,2.76,3839,76,0
M001,68.2,3.64,3.77,1423,113,0
M001,61.2,3.22,3.16,3372,100,1
M008,56.3,1.62,3.07,967,66,0
M002,52.6,3.93,3.55,3857,11,0
M008,56.1,4.25,3.82,854,103,1
M007,68.6,1.43,3.45,2646,98,0
M010,51.9,2.76,3.28,420,90,0
M010,62.5,2.64,3.54,3866,18,0
M002,76.1,3.29,3.85,4477,85,0
M006,72.5,2.73,3.83,4602,100,1
M006,62.7,2.91,3.83,2769,104,0
M003,84.9,3.83,3.89,1213,52,0
M002,86.9,1.55,3.64,2251,46,0
M001,68.3,3.96,4.3,4185,44,1
M006,45.0,4.48,3.51,4510,22,0
M005,76.9,5.12,3.54,3219,53,1
M009,45.1,0.5,3.17,3881,59,0
M001,82.8,2.76,4.42,1643,94,0
M007,78.8,0.5,4.23,4396,114,1
M005,85.7,0.5,4.3,3210,107,0
M005,70.6,3.19,3.71,772,30,0
M002,64.4,2.48,4.21,1532,8,0
M003,63.5,3.39,3.66,4953,98,1
M007,62.5,3.63,3.38,4202,57,0
M006,77.8,4.62,4.25,3334,111,1
M002,75.1,3.07,3.91,4286,73,0
M006,69.2,6.8,3.85,425,115,1
M002,60.8,3.4,3.59,4400,20,0
M002,94.3,5.4,4.53,2197,104,1
M002,77.1,0.5,3.59,971,25,0
M003,52.0,4.75,2.79,4724,19,0
M002,62.8,2.77,4.07,633,5,0
M004,77.3,0.5,4.02,3299,75,0
M009,60.0,3.55,3.77,2929,79,0
M006,71.5,2.61,3.17,3607,72,0
M001,77.5,3.75,4.31,3340,83,1
M008,45.0,4.31,2.94,1065,87,0
M007,66.9,1.06,3.39,2993,27,0
M010,67.3,4.32,3.66,3111,40,0
M003,63.9,3.01,3.26,2615,96,1
M001,71.0,4.76,3.77,450,26,0
M005,74.6,2.73,3.82,3957,27,0
M004,69.4,2.39,4.11,4856,62,1
M010,64.3,3.04,4.14,1118,83,0
M008,74.3,3.13,4.38,1373,50,0
M001,68.5,2.14,2.92,3403,42,0
M010,65.7,2.35,3.32,632,29,0
M001,54.9,1.41,2.58,1035,39,0
M004,52.4,2.43,2.89,2446,60,0
M008,54.7,3.88,3.14,2462,41,0
M005,70.8,2.82,3.91,1097,33,1
M002,67.2,4.31,3.5,3832,83,1
M006,53.2,2.76,3.16,4767,101,0
M005,74.5,1.14,3.93,4015,83,1
M002,81.7,3.78,3.44,446,97,1
M003,62.0,2.12,3.26,2629,111,0
M009,50.6,2.7,3.09,1190,16,0
M007,60.9,4.61,3.45,3510,23,0
M007,76.5,1.49,3.94,1126,7,0
M006,73.5,3.21,4.36,3638,26,0
M008,58.8,2.95,3.79,2807,96,0
M004,83.2,3.91,3.81,1274,12,0
M008,81.5,4.11,3.95,4222,72,1
M004,60.7,3.34,3.4,3999,5,0
M008,60.6,2.53,3.34,4984,106,0
M009,62.1,3.62,3.65,3351,92,1
M003,62.9,4.74,2.92,3638,117,1
M003,77.5,2.96,4.25,4773,69,0
M002,72.3,2.65,4.4,3691,49,0
M010,76.8,3.5,3.83,906,26,1
M003,74.7,3.05,3.77,3264,5,0
M003,85.1,1.26,4.18,953,22,0
M005,57.4,3.31,3.79,787,79,0
M005,71.8,1.25,3.68,1534,13,0
M002,46.3,3.49,3.48,2047,28,0
M010,54.8,1.96,3.54,4134,33,0
M006,67.3,3.05,4.51,4126,107,1
M005,72.2,3.51,3.69,3517,23,0
M006,67.0,6.19,2.98,4220,97,1
M001,62.3,3.97,3.06,3355,107,0
M005,64.1,4.77,3.61,4502,18,1
M009,81.7,5.43,4.4,2398,114,1
M010,64.2,3.64,3.38,364,117,1
M002,85.5,3.37,4.06,2198,30,1
M001,75.9,1.61,4.14,3257,26,0
M010,72.6,2.85,3.48,2284,16,0
M009,56.1,2.06,3.19,4628,77,0
M010,77.4,2.48,3.53,602,39,0
M009,63.1,5.43,3.99,613,33,0
M009,56.1,3.15,3.94,244,26,0
M006,73.1,1.86,3.27,4357,48,0
M008,54.1,4.79,3.3,2667,65,0
M001,60.4,4.24,4.0,1067,113,0
M010,67.9,4.31,3.84,218,38,0
M004,90.2,0.5,4.08,564,2,0
M001,61.1,5.53,2.99,4032,113,1
M008,63.4,2.27,3.99,779,6,0
M001,75.3,4.01,4.01,745,46,0
M003,55.6,6.28,2.87,4350,50,0
M004,72.4,5.8,4.23,3239,38,1
M008,80.1,1.73,3.44,4337,106,0
M006,64.9,1.12,3.55,4244,88,0
M010,78.3,4.86,3.86,4526,18,0
M007,70.9,3.18,4.34,652,27,0
M008,60.7,2.35,3.43,4161,41,0
M002,66.0,3.81,3.56,1581,72,1
M010,64.2,2.79,3.13,1667,92,0
M008,67.1,3.91,3.45,2938,74,0
M003,69.5,3.09,3.45,1416,17,0
M007,73.9,3.94,3.58,1080,119,0
M003,73.1,1.84,3.83,4014,62,0
M007,45.0,4.85,2.27,3349,29,0
M002,67.0,3.91,3.15,284,58,0
M010,52.9,3.84,3.28,4344,70,1
M006,65.2,1.55,3.67,1368,78,0
M003,66.8,5.21,3.59,4364,22,0
M003,77.8,2.98,3.93,3329,118,0
M009,67.7,3.95,3.55,3845,6,0
M007,70.6,2.58,3.76,2726,26,0
M005,75.9,3.34,4.05,3067,39,1
M010,80.3,3.39,4.16,3716,12,0
M007,66.8,0.5,3.43,3567,99,0
M009,68.9,3.76,4.04,2394,14,0
M001,68.1,5.55,3.76,3755,22,0
M007,62.6,3.7,4.0,645,51,0
M006,60.3,1.75,4.01,3826,23,0
M010,45.3,3.84,2.63,4216,48,0
M009,57.2,4.38,3.13,4075,71,1
M001,50.2,3.67,3.54,3537,104,0
M004,80.6,2.9,3.43,461,50,0
M009,69.9,2.69,4.24,2048,89,1
M004,66.7,2.68,3.55,4225,13,0
M010,60.8,3.91,3.72,2466,85,1
M003,68.3,1.17,3.67,291,105,0
M009,59.5,2.52,3.0,4422,10,0
M002,69.7,5.07,4.11,4375,117,1
M004,70.5,5.12,4.73,3509,55,0
M006,59.4,1.08,3.3,1182,9,0
M002,59.2,1.53,3.37,3643,79,0
M008,77.6,2.65,3.01,2733,52,1
M008,67.5,4.16,4.16,893,2,0
M001,60.2,0.62,3.82,4320,25,0
M003,64.3,2.93,3.0,355,13,0
M010,57.9,2.38,2.72,3788,98,0
M009,67.3,4.72,3.0,2012,51,1
M005,76.3,0.82,4.13,4314,58,0
M006,67.7,3.12,3.95,1607,34,0
M004,91.6,2.49,3.97,1416,35,0
M010,72.2,4.91,3.98,1610,102,1
M002,70.3,3.78,3.81,3697,3,0
M008,58.9,2.24,3.34,4572,106,1
M006,65.6,4.11,3.98,751,120,1
M005,60.2,2.49,3.08,3594,59,0
M009,46.3,4.3,3.56,1376,70,0
M001,77.7,2.69,3.69,4934,119,1
M005,62.9,4.37,4.2,4532,48,0
M006,60.4,3.57,3.16,1197,64,0
M005,70.1,7.24,3.63,4276,113,1
M006,73.1,2.93,3.85,2931,19,1
M006,64.8,3.5,3.64,4137,67,0
M007,68.0,2.38,3.87,4252,82,0
M004,75.5,3.0,3.44,572,103,1
M008,64.4,0.5,3.6,2448,73,0
M007,71.0,3.61,3.82,1048,116,1
M009,51.4,4.75,3.1,2756,76,0
M007,55.6,3.52,3.53,2522,5,0
M003,74.1,1.29,3.38,703,67,0
M003,55.1,1.96,3.26,3389,11,0
M008,70.3,0.5,3.49,902,94,0
M005,66.5,4.27,3.55,3825,68,1
M004,64.4,1.69,4.12,514,69,0
M008,59.7,2.96,4.01,2576,1,0
M006,77.1,2.8,4.37,1240,91,0
M002,85.3,4.93,3.97,4578,92,1
M004,71.0,3.11,4.09,3190,63,0
M004,71.2,4.05,3.82,457,29,1
M006,61.2,3.71,3.55,774,82,0
M006,56.0,4.77,3.37,4869,12,0
M001,67.6,2.69,4.31,1752,77,0
M008,58.3,5.43,3.94,4718,41,0
M006,50.3,0.5,3.52,957,2,0
M003,76.0,4.11,3.84,3010,37,0
M009,76.5,1.87,3.93,1304,45,0
M002,59.4,2.36,3.67,4724,80,0
M008,70.4,3.74,3.58,3659,48,0
M010,78.0,3.73,4.28,4192,24,0
M003,70.1,3.79,3.43,403,99,0
M005,56.1,1.2,3.54,2975,22,0
M006,65.7,4.88,2.84,2532,100,1
M010,81.3,1.83,3.84,2192,11,0
M006,70.5,2.0,4.49,2443,119,0
M004,73.4,3.83,4.2,506,58,0
M003,71.4,2.63,4.32,1887,46,0
M004,59.4,3.4,3.25,4309,29,0
M001,61.8,0.5,3.58,2060,35,0
M004,71.4,3.37,4.23,2161,112,1
M001,76.2,3.28,4.13,922,118,1
M001,79.0,2.34,4.15,979,15,0
M010,59.4,0.5,4.06,728,60,0
M006,72.3,2.72,3.44,543,95,0
M005,79.9,2.95,3.93,3986,42,1
M004,58.1,2.52,2.84,3882,105,0
M003,82.9,0.61,3.69,408,43,0
M001,84.4,5.07,4.49,4936,80,1
M006,94.3,2.17,4.04,3606,74,1
M002,70.3,2.71,4.01,1511,49,0
M008,70.4,0.5,4.34,2499,64,0
M010,76.3,5.07,3.85,3536,32,0
M005,76.0,2.39,4.08,2147,64,0
M007,79.3,3.13,4.24,1119,115,1
M010,75.8,4.46,3.47,2244,2,0
M002,66.9,2.12,3.46,618,24,0
M008,80.2,4.25,3.65,1949,87,1
M002,57.3,0.5,3.24,3042,66,0
M004,68.1,3.72,3.95,1299,38,1
M001,83.6,5.04,3.88,3592,31,1
M005,55.5,2.25,3.38,2972,115,1
M009,61.2,4.45,3.17,2680,104,1
M001,74.7,5.38,4.3,1745,26,0
M009,71.9,2.67,3.61,1270,29,0
M008,59.2,2.56,4.01,2050,67,0
M006,63.8,1.83,3.62,4398,78,0
M007,56.2,2.34,2.91,3139,25,0
M003,77.8,1.94,3.89,2103,48,0
M001,65.4,1.83,3.26,878,65,0
M005,85.9,4.56,4.35,1188,53,1
M002,68.8,1.97,3.63,2675,67,0
M005,65.8,3.34,3.7,1807,118,1
M008,64.8,3.05,3.49,3069,90,1
M009,65.6,4.95,3.45,1702,18,0
M002,69.1,2.35,3.39,1989,9,0
M003,93.1,3.5,4.62,1625,38,0
M003,64.6,4.03,3.55,2640,87,1
M001,64.9,4.94,3.51,2242,21,1
M008,68.7,2.33,3.65,1478,65,0
M006,78.9,2.2,3.73,2794,21,0
M008,53.8,1.62,3.24,4889,27,0
M009,72.6,5.91,3.89,2636,106,1
M005,59.8,4.8,3.13,4003,70,0
M003,73.5,2.95,3.53,2405,119,0
M005,63.1,5.51,4.06,1227,44,1
M005,45.0,2.87,3.0,3739,100,0
M005,71.7,3.94,3.6,3683,28,0
M003,71.6,3.01,3.32,2441,45,0
M010,62.2,3.52,3.85,2965,17,1
M004,61.6,3.38,3.17,1373,40,0
M009,54.9,2.45,3.37,3430,116,0
M010,75.7,4.42,3.29,3550,3,0
M009,76.8,3.93,4.21,603,76,0
M002,59.2,4.34,3.89,2925,103,0
M008,62.6,3.42,3.73,3582,76,0
M008,67.4,1.82,3.15,4363,66,0
M007,90.7,5.22,4.56,287,120,1
M008,73.5,2.66,3.55,1358,46,0
M003,58.6,3.47,3.06,4473,86,0
M006,71.0,3.83,3.64,3057,87,1
M001,54.2,3.46,3.21,1581,30,0
M007,75.2,4.19,3.7,4881,69,1
M001,84.8,4.4,4.57,2264,9,1
M009,84.8,2.71,4.82,2574,85,0
M001,75.3,5.11,3.4,517,11,1
M001,62.2,2.65,3.31,1702,69,0
M007,55.0,3.44,3.42,2242,99,1
M002,54.0,2.5,3.21,4798,91,0
M005,45.0,2.12,3.26,2222,113,0
M008,74.9,4.36,4.19,318,66,0
M008,67.0,7.06,3.94,909,88,1
M003,77.1,2.53,4.14,3757,31,0
M007,82.3,4.58,4.64,4340,33,0
M003,69.0,2.58,3.17,4609,39,0
M006,69.5,2.99,4.26,3450,94,0
M006,63.4,5.28,3.44,617,46,0
M003,64.5,1.6,3.89,2803,37,0
M007,75.3,1.26,3.52,4054,115,0
M003,66.3,2.89,3.34,1301,92,0
M008,64.8,3.86,3.85,4621,60,1
M010,67.8,3.6,3.02,3628,31,0
M004,76.9,3.47,4.27,2461,11,0
M001,61.1,3.04,3.97,4369,87,1
M004,67.3,4.02,3.74,3834,2,0
M007,70.5,0.5,3.81,708,104,0
M004,79.6,2.02,3.7,2579,105,1
M006,65.6,2.88,3.88,3364,27,0
M009,60.8,3.92,3.64,887,99,1
M001,63.2,4.94,3.26,4952,2,0
M005,78.5,1.85,3.83,1492,103,0
M007,88.3,4.89,4.15,4105,101,1
M001,54.9,2.41,3.24,3275,21,0
M004,57.0,2.83,2.95,3409,58,0
M006,66.3,3.76,3.9,524,5,0
M002,69.1,2.74,3.64,2193,52,0
M010,75.9,4.44,3.9,4176,45,1
M005,59.1,2.47,3.28,2970,85,0
M010,57.4,2.49,3.6,4572,93,0
M001,69.4,4.37,3.8,2783,20,0
M006,65.4,2.01,4.06,3757,61,0
M006,77.3,3.32,4.1,3787,38,0
M004,72.9,0.84,3.75,351,20,0
M008,73.6,5.37,3.58,1154,114,1
M004,67.0,4.57,3.98,4554,25,1
M008,91.6,6.58,4.19,2571,2,1
M008,59.6,4.74,3.43,1391,32,1
M005,74.1,1.53,3.79,887,26,0
M004,55.3,3.87,3.24,509,70,0
M002,57.3,1.81,3.38,1702,41,0
M003,61.9,5.05,4.22,3327,67,1
M003,84.3,1.57,3.74,4768,97,0
M004,70.6,1.51,3.48,3567,1,0
M004,62.1,0.91,4.04,3595,51,0
M010,71.7,2.37,3.66,1013,5,0
M005,68.4,2.1,3.55,1045,13,0
M004,63.1,1.36,3.94,1364,19,0
M010,54.0,5.59,2.85,4962,12,1
M008,82.4,3.69,4.35,1967,48,1
M006,70.1,3.54,3.77,554,25,0
M006,89.7,5.07,4.41,2072,57,1
M008,77.4,3.33,4.09,2224,115,1
M007,73.5,2.03,3.62,3017,35,0
M010,63.6,0.79,3.96,4032,76,0
M010,57.0,1.95,3.23,4475,94,0
M008,65.8,4.96,3.79,265,5,0
M002,56.8,1.37,3.85,4466,98,0
M009,74.5,3.46,4.35,4290,22,0
